package,name,composable,skippable,restartable,readonly,inline,isLambda,hasDefaults,defaultsGroup,groups,calls,
dev.saketanand.setwise.ui.currentLocale,currentLocale,1,0,0,0,0,0,0,0,1,1,
dev.saketanand.setwise.ui.rememberElapsedTime,rememberElapsedTime,1,0,0,0,0,0,0,0,1,2,
dev.saketanand.setwise.ui.ObserveAsEvents,ObserveAsEvents,1,1,1,0,0,0,0,0,1,2,
dev.saketanand.setwise.ui.SetwiseAppRoot,SetwiseAppRoot,1,1,1,0,0,0,1,0,2,5,
dev.saketanand.setwise.ui.body.BodyScreenRoot,BodyScreenRoot,1,1,1,0,0,0,1,0,2,8,
dev.saketanand.setwise.ui.body.BodyScreen,BodyScreen,1,1,1,0,0,0,0,0,3,3,
dev.saketanand.setwise.ui.body.LatestCard,LatestCard,1,1,1,0,0,0,0,0,1,3,
dev.saketanand.setwise.ui.body.Value,Value,1,1,1,0,0,0,0,0,1,1,
dev.saketanand.setwise.ui.body.TrendCard,TrendCard,1,1,1,0,0,0,0,0,1,3,
dev.saketanand.setwise.ui.body.CheckRow,CheckRow,1,1,1,0,0,0,0,0,1,1,
dev.saketanand.setwise.ui.body.CheckSheet,CheckSheet,1,1,1,0,0,0,0,0,3,14,
dev.saketanand.setwise.ui.body.Field,Field,1,1,1,0,0,0,0,0,1,1,
dev.saketanand.setwise.ui.designsystem.components.HorizontalGap,HorizontalGap,1,1,1,0,0,0,0,0,1,1,
dev.saketanand.setwise.ui.designsystem.components.VerticalGap,VerticalGap,1,1,1,0,0,0,0,0,1,1,
dev.saketanand.setwise.ui.designsystem.components.IconTile,IconTile,1,1,1,0,0,0,1,0,2,3,
dev.saketanand.setwise.ui.designsystem.components.IconTile,IconTile,1,1,1,0,0,0,1,0,2,4,
dev.saketanand.setwise.ui.designsystem.components.IconTilePreview,IconTilePreview,1,1,1,0,0,0,0,0,1,1,
dev.saketanand.setwise.ui.designsystem.components.RoutineCard,RoutineCard,1,1,1,0,0,0,1,0,2,4,
dev.saketanand.setwise.ui.designsystem.components.RoutineCardDefaults.colors,colors,1,0,0,0,0,0,0,0,1,6,
dev.saketanand.setwise.ui.designsystem.components.RoutineCardDefaults.highlightedColors,highlightedColors,1,0,0,0,0,0,0,0,1,4,
dev.saketanand.setwise.ui.designsystem.components.RoutineCardPreview,RoutineCardPreview,1,1,1,0,0,0,0,0,1,1,
dev.saketanand.setwise.ui.designsystem.components.RoutineCardFullWidthPreview,RoutineCardFullWidthPreview,1,1,1,0,0,0,0,0,1,1,
dev.saketanand.setwise.ui.designsystem.components.SectionLabel,SectionLabel,1,1,1,0,0,0,1,0,2,3,
dev.saketanand.setwise.ui.designsystem.components.SectionLabelPreview,SectionLabelPreview,1,1,1,0,0,0,0,0,1,1,
dev.saketanand.setwise.ui.designsystem.components.SetwiseBarChart,SetwiseBarChart,1,1,1,0,0,0,1,0,2,3,
dev.saketanand.setwise.ui.designsystem.components.SetwiseBarChartPreview,SetwiseBarChartPreview,1,1,1,0,0,0,0,0,1,1,
dev.saketanand.setwise.ui.designsystem.components.SetwiseBodyWeightDialog,SetwiseBodyWeightDialog,1,1,1,0,0,0,0,0,1,6,
dev.saketanand.setwise.ui.designsystem.components.DialogButton,DialogButton,1,1,1,0,0,0,0,0,1,2,
dev.saketanand.setwise.ui.designsystem.components.SetwiseBodyWeightDialogPreview,SetwiseBodyWeightDialogPreview,1,1,1,0,0,0,0,0,1,1,
dev.saketanand.setwise.ui.designsystem.components.SetwiseButton,SetwiseButton,1,1,1,0,0,0,1,0,2,4,
dev.saketanand.setwise.ui.designsystem.components.SetwiseButtonSize.textStyle,textStyle,1,0,0,0,0,0,0,0,5,3,
dev.saketanand.setwise.ui.designsystem.components.SetwiseButtonDefaults.colors,colors,1,0,0,0,0,0,0,0,6,7,
dev.saketanand.setwise.ui.designsystem.components.SetwiseButtonDefaults.destructiveColors,destructiveColors,1,0,0,0,0,0,0,0,6,7,
dev.saketanand.setwise.ui.designsystem.components.SetwiseButtonPreview,SetwiseButtonPreview,1,1,1,0,0,0,0,0,1,1,
dev.saketanand.setwise.ui.designsystem.components.SetwiseCheckButton,SetwiseCheckButton,1,1,1,0,0,0,0,0,1,5,
dev.saketanand.setwise.ui.designsystem.components.SetwiseCheckButtonPreview,SetwiseCheckButtonPreview,1,1,1,0,0,0,0,0,1,1,
dev.saketanand.setwise.ui.designsystem.components.SetwiseConfirmDialog,SetwiseConfirmDialog,1,1,1,0,0,0,1,0,2,7,
dev.saketanand.setwise.ui.designsystem.components.SetwiseConfirmDialogPreview,SetwiseConfirmDialogPreview,1,1,1,0,0,0,0,0,1,1,
dev.saketanand.setwise.ui.designsystem.components.SetwiseDayChoices,SetwiseDayChoices,1,1,1,0,0,0,0,0,1,1,
dev.saketanand.setwise.ui.designsystem.components.SetwiseDayChoicesPreview,SetwiseDayChoicesPreview,1,1,1,0,0,0,0,0,1,1,
dev.saketanand.setwise.ui.designsystem.components.SetwiseDayPicker,SetwiseDayPicker,1,1,1,0,0,0,0,0,1,3,
dev.saketanand.setwise.ui.designsystem.components.SetwiseDayPickerPreview,SetwiseDayPickerPreview,1,1,1,0,0,0,0,0,1,1,
dev.saketanand.setwise.ui.designsystem.components.SetwiseEmptyState,SetwiseEmptyState,1,1,1,0,0,0,0,0,1,1,
dev.saketanand.setwise.ui.designsystem.components.SetwiseEmptyStatePreview,SetwiseEmptyStatePreview,1,1,1,0,0,0,0,0,1,1,
dev.saketanand.setwise.ui.designsystem.components.SetwiseFilterChip,SetwiseFilterChip,1,1,1,0,0,0,0,0,1,6,
dev.saketanand.setwise.ui.designsystem.components.SetwiseFilterChipPreview,SetwiseFilterChipPreview,1,1,1,0,0,0,0,0,1,1,
dev.saketanand.setwise.ui.designsystem.components.SetwiseHintBanner,SetwiseHintBanner,1,1,1,0,0,0,1,0,2,3,
dev.saketanand.setwise.ui.designsystem.components.SetwiseHintBannerDefaults.highlighted,highlighted,1,0,0,0,0,0,0,0,1,1,
dev.saketanand.setwise.ui.designsystem.components.SetwiseHintBannerPreview,SetwiseHintBannerPreview,1,1,1,0,0,0,0,0,1,1,
dev.saketanand.setwise.ui.designsystem.components.SetwiseIconButton,SetwiseIconButton,1,1,1,0,0,0,1,0,2,4,
dev.saketanand.setwise.ui.designsystem.components.SetwiseIconButtonDefaults.tonalColors,tonalColors,1,0,0,0,0,0,0,0,1,2,
dev.saketanand.setwise.ui.designsystem.components.SetwiseIconButtonDefaults.filledColors,filledColors,1,0,0,0,0,0,0,0,1,2,
dev.saketanand.setwise.ui.designsystem.components.SetwiseIconButtonDefaults.plainColors,plainColors,1,0,0,0,0,0,0,0,1,1,
dev.saketanand.setwise.ui.designsystem.components.SetwiseIconButtonPreview,SetwiseIconButtonPreview,1,1,1,0,0,0,0,0,1,1,
dev.saketanand.setwise.ui.designsystem.components.SetwiseInputBar.<no name provided>.Decoration,Decoration,1,1,1,0,0,0,0,0,1,2,
dev.saketanand.setwise.ui.designsystem.components.SetwiseInputBar,SetwiseInputBar,1,1,1,0,0,0,0,0,1,4,
dev.saketanand.setwise.ui.designsystem.components.SetwiseInputBarPreview,SetwiseInputBarPreview,1,1,1,0,0,0,0,0,1,1,
dev.saketanand.setwise.ui.designsystem.components.SetwiseListCard,SetwiseListCard,1,1,1,0,0,0,1,0,4,5,
dev.saketanand.setwise.ui.designsystem.components.SetwiseListCardDefaults.colors,colors,1,0,0,0,0,0,0,0,1,3,
dev.saketanand.setwise.ui.designsystem.components.SetwiseListCardDefaults.raisedColors,raisedColors,1,0,0,0,0,0,0,0,1,2,
dev.saketanand.setwise.ui.designsystem.components.SetwiseListCardDefaults.highlightedColors,highlightedColors,1,0,0,0,0,0,0,0,1,4,
dev.saketanand.setwise.ui.designsystem.components.SetwiseListCardDefaults.transparentColors,transparentColors,1,0,0,0,0,0,0,0,1,1,
dev.saketanand.setwise.ui.designsystem.components.SetwiseListCardPreview,SetwiseListCardPreview,1,1,1,0,0,0,0,0,1,1,
dev.saketanand.setwise.ui.designsystem.components.SetwiseMonthCalendar,SetwiseMonthCalendar,1,1,1,0,0,0,0,0,1,2,
dev.saketanand.setwise.ui.designsystem.components.MonthArrow,MonthArrow,1,1,1,0,0,0,0,0,1,2,
dev.saketanand.setwise.ui.designsystem.components.SetwiseMonthCalendarPreview,SetwiseMonthCalendarPreview,1,1,1,0,0,0,0,0,1,1,
dev.saketanand.setwise.ui.designsystem.components.SetwiseNumberField.<no name provided>.Decoration,Decoration,1,1,1,0,0,0,0,0,3,3,
dev.saketanand.setwise.ui.designsystem.components.SetwiseNumberField,SetwiseNumberField,1,1,1,0,0,0,1,0,2,5,
dev.saketanand.setwise.ui.designsystem.components.SetwiseNumberFieldPreview,SetwiseNumberFieldPreview,1,1,1,0,0,0,0,0,1,1,
dev.saketanand.setwise.ui.designsystem.components.SetwiseOverflowMenu,SetwiseOverflowMenu,1,1,1,0,0,0,0,0,1,2,
dev.saketanand.setwise.ui.designsystem.components.SetwiseOverflowMenuPreview,SetwiseOverflowMenuPreview,1,1,1,0,0,0,0,0,1,1,
dev.saketanand.setwise.ui.designsystem.components.SetwiseSearchField.<no name provided>.Decoration,Decoration,1,1,1,0,0,0,0,0,1,2,
dev.saketanand.setwise.ui.designsystem.components.SetwiseSearchField,SetwiseSearchField,1,1,1,0,0,0,0,0,1,5,
dev.saketanand.setwise.ui.designsystem.components.SetwiseSearchFieldPreview,SetwiseSearchFieldPreview,1,1,1,0,0,0,0,0,1,1,
dev.saketanand.setwise.ui.designsystem.components.SetwiseSelectionIndicator,SetwiseSelectionIndicator,1,1,1,0,0,0,0,0,1,4,
dev.saketanand.setwise.ui.designsystem.components.SetwiseSelectionIndicatorPreview,SetwiseSelectionIndicatorPreview,1,1,1,0,0,0,0,0,1,1,
dev.saketanand.setwise.ui.designsystem.components.SetwiseSettingsGroup,SetwiseSettingsGroup,1,1,1,0,0,0,0,0,1,1,
dev.saketanand.setwise.ui.designsystem.components.SetwiseSettingsRow,SetwiseSettingsRow,1,1,1,0,0,0,0,0,1,2,
dev.saketanand.setwise.ui.designsystem.components.SetwiseSwitchRow,SetwiseSwitchRow,1,1,1,0,0,0,0,0,1,2,
dev.saketanand.setwise.ui.designsystem.components.SettingsRowLayout,SettingsRowLayout,1,1,1,0,0,0,0,0,1,1,
dev.saketanand.setwise.ui.designsystem.components.SetwiseSettingsPreview,SetwiseSettingsPreview,1,1,1,0,0,0,0,0,1,1,
dev.saketanand.setwise.ui.designsystem.components.SetwiseStepper,SetwiseStepper,1,1,1,0,0,0,1,0,2,2,
dev.saketanand.setwise.ui.designsystem.components.StepButton,StepButton,1,1,1,0,0,0,0,0,1,2,
dev.saketanand.setwise.ui.designsystem.components.SetwiseStepperPreview,SetwiseStepperPreview,1,1,1,0,0,0,0,0,1,1,
dev.saketanand.setwise.ui.designsystem.components.SetwiseSwitch,SetwiseSwitch,1,1,1,0,0,0,0,0,1,6,
dev.saketanand.setwise.ui.designsystem.components.SetwiseSwitchPreview,SetwiseSwitchPreview,1,1,1,0,0,0,0,0,1,1,
dev.saketanand.setwise.ui.designsystem.components.SetwiseTag,SetwiseTag,1,1,1,0,0,0,1,0,2,2,
dev.saketanand.setwise.ui.designsystem.components.SetwiseTagDefaults.outlined,outlined,1,0,0,0,0,0,0,0,1,3,
dev.saketanand.setwise.ui.designsystem.components.SetwiseTagDefaults.accent,accent,1,0,0,0,0,0,0,0,1,3,
dev.saketanand.setwise.ui.designsystem.components.SetwiseTagDefaults.pr,pr,1,0,0,0,0,0,0,0,1,3,
dev.saketanand.setwise.ui.designsystem.components.SetwiseTagPreview,SetwiseTagPreview,1,1,1,0,0,0,0,0,1,1,
dev.saketanand.setwise.ui.designsystem.components.SetwiseTextField,SetwiseTextField,1,1,1,0,0,0,0,0,1,1,
dev.saketanand.setwise.ui.designsystem.components.SetwiseTextField,SetwiseTextField,1,1,1,0,0,0,0,0,1,4,
dev.saketanand.setwise.ui.designsystem.components.SetwiseTextFieldPreview,SetwiseTextFieldPreview,1,1,1,0,0,0,0,0,1,1,
dev.saketanand.setwise.ui.designsystem.components.SetwiseTextInputDialog,SetwiseTextInputDialog,1,1,1,0,0,0,1,0,2,9,
dev.saketanand.setwise.ui.designsystem.components.SetwiseTextInputDialogPreview,SetwiseTextInputDialogPreview,1,1,1,0,0,0,0,0,1,1,
dev.saketanand.setwise.ui.designsystem.components.SetwiseTimePickerDialog,SetwiseTimePickerDialog,1,1,1,0,0,0,0,0,1,8,
dev.saketanand.setwise.ui.designsystem.components.SetwiseTimePickerDialogPreview,SetwiseTimePickerDialogPreview,1,1,1,0,0,0,0,0,1,1,
dev.saketanand.setwise.ui.designsystem.components.SetwiseTopAppBar,SetwiseTopAppBar,1,1,1,0,0,0,1,0,2,2,
dev.saketanand.setwise.ui.designsystem.components.SetwiseTopAppBarPreview,SetwiseTopAppBarPreview,1,1,1,0,0,0,0,0,1,1,
dev.saketanand.setwise.ui.designsystem.components.SetwiseValueDialog,SetwiseValueDialog,1,1,1,0,0,0,0,0,1,7,
dev.saketanand.setwise.ui.designsystem.components.SetwiseChoiceDialog,SetwiseChoiceDialog,1,1,1,0,0,0,0,0,1,5,
dev.saketanand.setwise.ui.designsystem.components.RemoveAndCancel,RemoveAndCancel,1,1,1,0,0,0,0,0,1,1,
dev.saketanand.setwise.ui.designsystem.components.DialogTextButton,DialogTextButton,1,0,0,0,0,0,0,0,1,1,
dev.saketanand.setwise.ui.designsystem.components.SetwiseValueDialogPreview,SetwiseValueDialogPreview,1,1,1,0,0,0,0,0,1,1,
dev.saketanand.setwise.ui.designsystem.components.StatTile,StatTile,1,1,1,0,0,0,1,0,2,5,
dev.saketanand.setwise.ui.designsystem.components.StatTilePreview,StatTilePreview,1,1,1,0,0,0,0,0,1,1,
dev.saketanand.setwise.ui.designsystem.preview.SetwisePreview,SetwisePreview,1,1,1,0,0,0,0,0,1,3,
dev.saketanand.setwise.ui.designsystem.preview.SetwiseScreenPreview,SetwiseScreenPreview,1,1,1,0,0,0,0,0,1,1,
dev.saketanand.setwise.ui.designsystem.theme.<get-spacing>,<get-spacing>,1,0,0,1,0,0,0,0,1,1,
dev.saketanand.setwise.ui.designsystem.theme.SetwiseTheme,SetwiseTheme,1,1,1,0,0,0,1,0,2,3,
dev.saketanand.setwise.ui.exercises.CreateExerciseScreenRoot,CreateExerciseScreenRoot,1,1,1,0,0,0,1,0,2,7,
dev.saketanand.setwise.ui.exercises.CreateExerciseScreen,CreateExerciseScreen,1,1,1,0,0,0,0,0,1,2,
dev.saketanand.setwise.ui.exercises.MatchCard,MatchCard,1,1,1,0,0,0,0,0,1,3,
dev.saketanand.setwise.ui.exercises.ChipGroup,ChipGroup,1,1,1,0,0,0,0,0,1,1,
dev.saketanand.setwise.ui.exercises.CreateExercisePreview,CreateExercisePreview,1,1,1,0,0,0,0,0,1,1,
dev.saketanand.setwise.ui.exercises.ExerciseDetailScreenRoot,ExerciseDetailScreenRoot,1,1,1,0,0,0,1,0,2,6,
dev.saketanand.setwise.ui.exercises.ExerciseDetailScreen,ExerciseDetailScreen,1,1,1,0,0,0,0,0,1,2,
dev.saketanand.setwise.ui.exercises.ProgressCard,ProgressCard,1,1,1,0,0,0,0,0,3,5,
dev.saketanand.setwise.ui.exercises.PlateauCard,PlateauCard,1,1,1,0,0,0,0,0,1,3,
dev.saketanand.setwise.ui.exercises.NextSessionCard,NextSessionCard,1,1,1,0,0,0,0,0,1,3,
dev.saketanand.setwise.ui.exercises.SessionRow,SessionRow,1,1,1,0,0,0,0,0,1,4,
dev.saketanand.setwise.ui.exercises.ExerciseDetailPreview,ExerciseDetailPreview,1,1,1,0,0,0,0,0,1,1,
dev.saketanand.setwise.ui.exercises.ExerciseDetailEmptyPreview,ExerciseDetailEmptyPreview,1,1,1,0,0,0,0,0,1,1,
dev.saketanand.setwise.ui.exercises.ExercisePickerScreenRoot,ExercisePickerScreenRoot,1,1,1,0,0,0,1,0,2,10,
dev.saketanand.setwise.ui.exercises.ExercisePickerScreen,ExercisePickerScreen,1,1,1,0,0,0,0,0,1,4,
dev.saketanand.setwise.ui.exercises.ExercisePickerScreenPreview,ExercisePickerScreenPreview,1,1,1,0,0,0,0,0,1,1,
dev.saketanand.setwise.ui.exercises.ExercisePickerFilteredPreview,ExercisePickerFilteredPreview,1,1,1,0,0,0,0,0,1,1,
dev.saketanand.setwise.ui.exercises.ExercisePickerNoResultsPreview,ExercisePickerNoResultsPreview,1,1,1,0,0,0,0,0,1,1,
dev.saketanand.setwise.ui.exercises.MuscleGroupChips,MuscleGroupChips,1,1,1,0,0,0,0,0,1,1,
dev.saketanand.setwise.ui.exercises.ExerciseList,ExerciseList,1,1,1,0,0,0,0,0,1,4,
dev.saketanand.setwise.ui.exercises.ExercisePickerRow,ExercisePickerRow,1,1,1,0,0,0,0,0,3,9,
dev.saketanand.setwise.ui.exercises.exerciseDetail,exerciseDetail,1,0,0,1,0,0,0,0,5,3,
dev.saketanand.setwise.ui.exercises.NoExercisesFound,NoExercisesFound,1,1,1,0,0,0,0,0,3,6,
dev.saketanand.setwise.ui.exercises.ExercisePickerRowPreview,ExercisePickerRowPreview,1,1,1,0,0,0,0,0,1,1,
dev.saketanand.setwise.ui.exercises.target,target,1,0,0,0,0,0,0,0,4,4,
dev.saketanand.setwise.ui.exercises.hint,hint,1,0,0,0,0,0,0,0,7,7,
dev.saketanand.setwise.ui.exercises.ruleText,ruleText,1,0,0,0,0,0,0,0,10,8,
dev.saketanand.setwise.ui.history.AskPanel,AskPanel,1,1,1,0,0,0,0,0,1,1,
dev.saketanand.setwise.ui.history.Suggestions,Suggestions,1,1,1,0,0,0,0,0,1,5,
dev.saketanand.setwise.ui.history.ReplyText,ReplyText,1,1,1,0,0,0,0,0,1,3,
dev.saketanand.setwise.ui.history.AnswerCard,AnswerCard,1,1,1,0,0,0,0,0,1,3,
dev.saketanand.setwise.ui.history.AnsweredWorkoutRow,AnsweredWorkoutRow,1,1,1,0,0,0,0,0,1,4,
dev.saketanand.setwise.ui.history.answerText,answerText,1,0,0,0,0,0,0,0,22,27,
dev.saketanand.setwise.ui.history.lookedUp,lookedUp,1,0,0,0,0,0,0,0,9,10,
dev.saketanand.setwise.ui.history.periodSuffix,periodSuffix,1,0,0,0,0,0,0,0,3,1,
dev.saketanand.setwise.ui.history.periodLabel,periodLabel,1,0,0,0,0,0,0,0,9,8,
dev.saketanand.setwise.ui.history.long,long,1,0,0,0,0,0,0,0,3,2,
dev.saketanand.setwise.ui.history.HistoryCalendarSheet,HistoryCalendarSheet,1,1,1,0,0,0,0,0,1,6,
dev.saketanand.setwise.ui.history.CalendarDay,CalendarDay,1,1,1,0,0,0,0,0,5,5,
dev.saketanand.setwise.ui.history.HistoryScreenRoot,HistoryScreenRoot,1,1,1,0,0,0,1,0,2,5,
dev.saketanand.setwise.ui.history.HistoryScreen,HistoryScreen,1,1,1,0,0,0,0,0,3,6,
dev.saketanand.setwise.ui.history.WorkoutList,WorkoutList,1,1,1,0,0,0,0,0,1,3,
dev.saketanand.setwise.ui.history.DayStrip,DayStrip,1,1,1,0,0,0,0,0,1,3,
dev.saketanand.setwise.ui.history.DayChip,DayChip,1,1,1,0,0,0,0,0,7,9,
dev.saketanand.setwise.ui.history.dayDescription,dayDescription,1,0,0,0,0,0,0,0,6,4,
dev.saketanand.setwise.ui.history.DayMark,DayMark,1,1,1,0,0,0,0,0,1,1,
dev.saketanand.setwise.ui.history.EmptyDayCard,EmptyDayCard,1,1,1,0,0,0,0,0,1,3,
dev.saketanand.setwise.ui.history.HistoryWorkoutRow,HistoryWorkoutRow,1,1,1,0,0,0,0,0,3,6,
dev.saketanand.setwise.ui.history.workoutMeta,workoutMeta,1,0,0,0,0,0,0,0,6,2,
dev.saketanand.setwise.ui.home.DayCheckInSheet,DayCheckInSheet,1,1,1,0,0,0,0,0,1,5,
dev.saketanand.setwise.ui.home.DayCheckInContent,DayCheckInContent,1,1,1,0,0,0,0,0,1,2,
dev.saketanand.setwise.ui.home.CheckInDayRow,CheckInDayRow,1,1,1,0,0,0,0,0,1,1,
dev.saketanand.setwise.ui.home.DayCheckInContentPreview,DayCheckInContentPreview,1,1,1,0,0,0,0,0,1,1,
dev.saketanand.setwise.ui.home.HomeScreenRoot,HomeScreenRoot,1,1,1,0,0,0,1,0,2,5,
dev.saketanand.setwise.ui.home.HomeScreen,HomeScreen,1,1,1,0,0,0,0,0,7,4,
dev.saketanand.setwise.ui.home.HomeScreenFirstRunPreview,HomeScreenFirstRunPreview,1,1,1,0,0,0,0,0,1,1,
dev.saketanand.setwise.ui.home.HomeScreenDashboardPreview,HomeScreenDashboardPreview,1,1,1,0,0,0,0,0,1,1,
dev.saketanand.setwise.ui.home.HomeScreenPlanYourRoutinePreview,HomeScreenPlanYourRoutinePreview,1,1,1,0,0,0,0,0,1,1,
dev.saketanand.setwise.ui.home.HomeScreenResumePreview,HomeScreenResumePreview,1,1,1,0,0,0,0,0,1,1,
dev.saketanand.setwise.ui.home.HomeFirstRunContent,HomeFirstRunContent,1,1,1,0,0,0,0,0,1,2,
dev.saketanand.setwise.ui.home.HomeDashboardContent,HomeDashboardContent,1,1,1,0,0,0,0,0,1,1,
dev.saketanand.setwise.ui.home.PlanYourRoutineSection,PlanYourRoutineSection,1,1,1,0,0,0,0,0,1,1,
dev.saketanand.setwise.ui.home.FirstRunHero,FirstRunHero,1,1,1,0,0,0,0,0,1,1,
dev.saketanand.setwise.ui.home.ExerciseLibraryHint,ExerciseLibraryHint,1,1,1,0,0,0,0,0,1,1,
dev.saketanand.setwise.ui.home.StartWorkoutButton,StartWorkoutButton,1,1,1,0,0,0,0,0,1,1,
dev.saketanand.setwise.ui.home.ResumeWorkoutCard,ResumeWorkoutCard,1,1,1,0,0,0,0,0,1,4,
dev.saketanand.setwise.ui.home.RunningForText,RunningForText,1,1,1,0,0,0,0,0,1,4,
dev.saketanand.setwise.ui.home.HomeGreeting,HomeGreeting,1,1,1,0,0,0,0,0,1,1,
dev.saketanand.setwise.ui.home.relativeDaysText,relativeDaysText,1,0,0,1,0,0,0,0,4,3,
dev.saketanand.setwise.ui.home.WeekStatsRow,WeekStatsRow,1,1,1,0,0,0,0,0,1,1,
dev.saketanand.setwise.ui.home.TemplatesHeader,TemplatesHeader,1,1,1,0,0,0,0,0,1,1,
dev.saketanand.setwise.ui.home.TemplateCard,TemplateCard,1,1,1,0,0,0,0,0,2,4,
dev.saketanand.setwise.ui.home.SaveLastWorkoutAsTemplateCard,SaveLastWorkoutAsTemplateCard,1,1,1,0,0,0,0,0,1,3,
dev.saketanand.setwise.ui.home.PlanRoutineCards,PlanRoutineCards,1,1,1,0,0,0,0,0,1,1,
dev.saketanand.setwise.ui.home.DiscardWorkoutDialog,DiscardWorkoutDialog,1,1,1,0,0,0,0,0,1,5,
dev.saketanand.setwise.ui.home.StartWorkoutSheet,StartWorkoutSheet,1,1,1,0,0,0,0,0,3,8,
dev.saketanand.setwise.ui.home.EmptyWorkoutRow,EmptyWorkoutRow,1,1,1,0,0,0,0,0,1,3,
dev.saketanand.setwise.ui.home.SheetTemplateRow,SheetTemplateRow,1,1,1,0,0,0,0,0,2,4,
dev.saketanand.setwise.ui.home.StartTimeRow,StartTimeRow,1,1,1,0,0,0,0,0,3,4,
dev.saketanand.setwise.ui.home.WeeklySummaryCard,WeeklySummaryCard,1,1,1,0,0,0,0,0,1,4,
dev.saketanand.setwise.ui.home.Stat,Stat,1,1,1,0,0,0,1,0,2,2,
dev.saketanand.setwise.ui.home.Highlights,Highlights,1,1,1,0,0,0,0,0,2,1,
dev.saketanand.setwise.ui.home.templateRecap,templateRecap,1,0,0,0,0,0,0,0,2,2,
dev.saketanand.setwise.ui.home.WeeklySummaryCardPreview,WeeklySummaryCardPreview,1,1,1,0,0,0,0,0,1,1,
dev.saketanand.setwise.ui.importing.ImportScreenRoot,ImportScreenRoot,1,1,1,0,0,0,0,0,1,7,
dev.saketanand.setwise.ui.importing.ImportScreen.<anonymous>.<anonymous>.<anonymous>.<anonymous>.<no name provided>.Decoration,Decoration,1,1,1,0,0,0,0,0,1,1,
dev.saketanand.setwise.ui.importing.ImportScreen,ImportScreen,1,1,1,0,0,0,0,0,1,3,
dev.saketanand.setwise.ui.importing.Problem,Problem,1,1,1,0,0,0,0,0,1,3,
dev.saketanand.setwise.ui.importing.PlannedWorkoutCard,PlannedWorkoutCard,1,1,1,0,0,0,0,0,1,4,
dev.saketanand.setwise.ui.importing.Sources,Sources,1,1,1,0,0,0,0,0,1,1,
dev.saketanand.setwise.ui.importing.ReadNotes,ReadNotes,1,1,1,0,0,0,0,0,1,1,
dev.saketanand.setwise.ui.importing.ImportScreenByModelPreview,ImportScreenByModelPreview,1,1,1,0,0,0,0,0,1,1,
dev.saketanand.setwise.ui.navigation.TabScreen,TabScreen,1,1,1,0,0,0,0,0,1,1,
dev.saketanand.setwise.ui.navigation.SetwiseNavHost,SetwiseNavHost,1,1,1,0,0,0,0,0,1,1,
dev.saketanand.setwise.ui.navigation.pickedExerciseIds,pickedExerciseIds,1,0,0,0,0,0,0,0,1,1,
dev.saketanand.setwise.ui.onboarding.OnboardingScreenRoot,OnboardingScreenRoot,1,1,1,0,0,0,1,0,2,8,
dev.saketanand.setwise.ui.onboarding.OnboardingScreen,OnboardingScreen,1,1,1,0,0,0,0,0,1,4,
dev.saketanand.setwise.ui.onboarding.StepText,StepText,1,1,1,0,0,0,0,0,1,8,
dev.saketanand.setwise.ui.onboarding.NotificationBenefit,NotificationBenefit,1,1,1,0,0,0,0,0,1,1,
dev.saketanand.setwise.ui.onboarding.BodyWeightInput,BodyWeightInput,1,1,1,0,0,0,0,0,1,1,
dev.saketanand.setwise.ui.onboarding.OnboardingButtons,OnboardingButtons,1,1,1,0,0,0,0,0,1,1,
dev.saketanand.setwise.ui.onboarding.StepDots,StepDots,1,1,1,0,0,0,0,0,1,2,
dev.saketanand.setwise.ui.onboarding.OnboardingWelcomePreview,OnboardingWelcomePreview,1,1,1,0,0,0,0,0,1,1,
dev.saketanand.setwise.ui.onboarding.OnboardingDaysPreview,OnboardingDaysPreview,1,1,1,0,0,0,0,0,1,1,
dev.saketanand.setwise.ui.onboarding.OnboardingWeightPreview,OnboardingWeightPreview,1,1,1,0,0,0,0,0,1,1,
dev.saketanand.setwise.ui.onboarding.OnboardingCheckInsPreview,OnboardingCheckInsPreview,1,1,1,0,0,0,0,0,1,1,
dev.saketanand.setwise.ui.onboarding.OnboardingNotificationsPreview,OnboardingNotificationsPreview,1,1,1,0,0,0,0,0,1,1,
dev.saketanand.setwise.ui.settings.SettingsScreenRoot,SettingsScreenRoot,1,1,1,0,0,0,1,0,2,6,
dev.saketanand.setwise.ui.settings.SettingsScreen,SettingsScreen,1,1,1,0,0,0,0,0,21,23,
dev.saketanand.setwise.ui.settings.AiRow,AiRow,1,1,1,0,0,0,0,0,5,4,
dev.saketanand.setwise.ui.settings.trainingDaysLabel,trainingDaysLabel,1,0,0,0,0,0,0,0,4,3,
dev.saketanand.setwise.ui.settings.TrainingDaysDialog,TrainingDaysDialog,1,1,1,0,0,0,0,0,1,5,
dev.saketanand.setwise.ui.settings.DialogButton,DialogButton,1,1,1,0,0,0,0,0,1,2,
dev.saketanand.setwise.ui.settings.SettingsScreenPreview,SettingsScreenPreview,1,1,1,0,0,0,0,0,1,1,
dev.saketanand.setwise.ui.settings.SettingsScreenNothingSetPreview,SettingsScreenNothingSetPreview,1,1,1,0,0,0,0,0,1,1,
dev.saketanand.setwise.ui.summary.InsightCard,InsightCard,1,1,1,0,0,0,0,0,3,4,
dev.saketanand.setwise.ui.summary.templateInsight,templateInsight,1,0,0,0,0,0,0,0,13,5,
dev.saketanand.setwise.ui.summary.improvement,improvement,1,0,0,0,0,0,0,0,7,6,
dev.saketanand.setwise.ui.summary.WorkoutSummaryScreenRoot,WorkoutSummaryScreenRoot,1,1,1,0,0,0,1,0,2,8,
dev.saketanand.setwise.ui.summary.WorkoutSummaryScreen,WorkoutSummaryScreen,1,1,1,0,0,0,0,0,9,9,
dev.saketanand.setwise.ui.summary.SummaryHeader,SummaryHeader,1,1,1,0,0,0,0,0,1,1,
dev.saketanand.setwise.ui.summary.SummaryButtons,SummaryButtons,1,1,1,0,0,0,0,0,1,1,
dev.saketanand.setwise.ui.summary.WorkoutSummaryScreenPreview,WorkoutSummaryScreenPreview,1,1,1,0,0,0,0,0,1,1,
dev.saketanand.setwise.ui.summary.WorkoutSummaryFromTemplatePreview,WorkoutSummaryFromTemplatePreview,1,1,1,0,0,0,0,0,1,1,
dev.saketanand.setwise.ui.summary.SummaryStats,SummaryStats,1,1,1,0,0,0,0,0,1,1,
dev.saketanand.setwise.ui.summary.SummaryTile,SummaryTile,1,1,1,0,0,0,0,0,1,2,
dev.saketanand.setwise.ui.summary.PersonalRecordsSection,PersonalRecordsSection,1,1,1,0,0,0,0,0,1,1,
dev.saketanand.setwise.ui.summary.PersonalRecordRow,PersonalRecordRow,1,1,1,0,0,0,0,0,1,7,
dev.saketanand.setwise.ui.summary.ExercisesSection,ExercisesSection,1,1,1,0,0,0,0,0,1,1,
dev.saketanand.setwise.ui.summary.EditTimesDialog,EditTimesDialog,1,1,1,0,0,0,0,0,1,5,
dev.saketanand.setwise.ui.summary.TimeRow,TimeRow,1,1,1,0,0,0,0,0,1,6,
dev.saketanand.setwise.ui.templates.TemplateEditorScreenRoot,TemplateEditorScreenRoot,1,1,1,0,0,0,1,0,2,9,
dev.saketanand.setwise.ui.templates.TemplateEditorScreen,TemplateEditorScreen,1,1,1,0,0,0,0,0,6,11,
dev.saketanand.setwise.ui.templates.TemplateExerciseRow,TemplateExerciseRow,1,1,1,0,0,0,0,0,1,4,
dev.saketanand.setwise.ui.templates.TargetRepsStepper,TargetRepsStepper,1,1,1,0,0,0,0,0,5,7,
dev.saketanand.setwise.ui.templates.TemplateEditorPreview,TemplateEditorPreview,1,1,1,0,0,0,0,0,1,1,
dev.saketanand.setwise.ui.templates.TemplateEditorNewPreview,TemplateEditorNewPreview,1,1,1,0,0,0,0,0,1,1,
dev.saketanand.setwise.ui.templates.TemplateFromGoalScreenRoot,TemplateFromGoalScreenRoot,1,1,1,0,0,0,1,0,2,8,
dev.saketanand.setwise.ui.templates.TemplateFromGoalScreen,TemplateFromGoalScreen,1,1,1,0,0,0,0,0,1,2,
dev.saketanand.setwise.ui.templates.GoalField.<anonymous>.<no name provided>.Decoration,Decoration,1,1,1,0,0,0,0,0,1,1,
dev.saketanand.setwise.ui.templates.GoalField,GoalField,1,1,1,0,0,0,0,0,1,3,
dev.saketanand.setwise.ui.templates.Understood,Understood,1,1,1,0,0,0,0,0,1,2,
dev.saketanand.setwise.ui.templates.Draft,Draft,1,1,1,0,0,0,0,0,1,3,
dev.saketanand.setwise.ui.templates.PlannedTemplate,PlannedTemplate,1,1,1,0,0,0,0,0,1,1,
dev.saketanand.setwise.ui.templates.gearLabel,gearLabel,1,0,0,0,0,0,0,0,4,2,
dev.saketanand.setwise.ui.templates.TemplateFromGoalPreview,TemplateFromGoalPreview,1,1,1,0,0,0,0,0,1,1,
dev.saketanand.setwise.ui.templates.TemplateFromGoalEmptyPreview,TemplateFromGoalEmptyPreview,1,1,1,0,0,0,0,0,1,1,
dev.saketanand.setwise.ui.workout.ActiveWorkoutScreenRoot,ActiveWorkoutScreenRoot,1,1,1,0,0,0,1,0,5,20,
dev.saketanand.setwise.ui.workout.ActiveWorkoutScreen,ActiveWorkoutScreen,1,1,1,0,0,0,1,0,6,7,
dev.saketanand.setwise.ui.workout.ExerciseCards,ExerciseCards,1,1,1,0,0,0,0,0,1,1,
dev.saketanand.setwise.ui.workout.ActiveWorkoutTopBar,ActiveWorkoutTopBar,1,1,1,0,0,0,0,0,1,5,
dev.saketanand.setwise.ui.workout.StartTimeButton,StartTimeButton,1,1,1,0,0,0,0,0,1,2,
dev.saketanand.setwise.ui.workout.WorkoutClock,WorkoutClock,1,1,1,0,0,0,0,0,1,4,
dev.saketanand.setwise.ui.workout.ActiveWorkoutScreenPreview,ActiveWorkoutScreenPreview,1,1,1,0,0,0,0,0,1,1,
dev.saketanand.setwise.ui.workout.ActiveWorkoutEmptyPreview,ActiveWorkoutEmptyPreview,1,1,1,0,0,0,0,0,1,1,
dev.saketanand.setwise.ui.workout.ActiveWorkoutFinishDialogPreview,ActiveWorkoutFinishDialogPreview,1,1,1,0,0,0,0,0,1,1,
dev.saketanand.setwise.ui.workout.ExpandedExerciseCard,ExpandedExerciseCard,1,1,1,0,0,0,0,0,1,3,
dev.saketanand.setwise.ui.workout.CollapsedExerciseCard,CollapsedExerciseCard,1,1,1,0,0,0,0,0,6,4,
dev.saketanand.setwise.ui.workout.ExerciseCardHeader,ExerciseCardHeader,1,1,1,0,0,0,0,0,1,1,
dev.saketanand.setwise.ui.workout.LastTimeText,LastTimeText,1,1,1,0,0,0,0,0,1,4,
dev.saketanand.setwise.ui.workout.SetTableHeader,SetTableHeader,1,1,1,0,0,0,0,0,1,2,
dev.saketanand.setwise.ui.workout.SetTableRow,SetTableRow,1,1,1,0,0,0,0,0,1,1,
dev.saketanand.setwise.ui.workout.SetRow,SetRow,1,1,1,0,0,0,0,0,3,5,
dev.saketanand.setwise.ui.workout.OpenSetFields,OpenSetFields,1,1,1,0,0,0,0,0,3,10,
dev.saketanand.setwise.ui.workout.CheckCell,CheckCell,1,1,1,0,0,0,0,0,1,1,
dev.saketanand.setwise.ui.workout.SetNumber,SetNumber,1,1,1,0,0,0,0,0,1,1,
dev.saketanand.setwise.ui.workout.DoneValue,DoneValue,1,1,1,0,0,0,0,0,1,1,
dev.saketanand.setwise.ui.workout.SwipeToDeleteSet,SwipeToDeleteSet,1,1,1,0,0,0,0,0,1,4,
dev.saketanand.setwise.ui.workout.ActiveWorkoutDialogs,ActiveWorkoutDialogs,1,1,1,0,0,0,0,0,7,19,
dev.saketanand.setwise.ui.workout.SetRowsPreview,SetRowsPreview,1,1,1,0,0,0,0,0,1,1,
dev.saketanand.setwise.ui.workout.CardioEntryScreenRoot,CardioEntryScreenRoot,1,1,1,0,0,0,1,0,2,10,
dev.saketanand.setwise.ui.workout.rememberCardioFields,rememberCardioFields,1,0,0,0,0,0,0,0,1,5,
dev.saketanand.setwise.ui.workout.CardioEntryScreen,CardioEntryScreen,1,1,1,0,0,0,0,0,1,2,
dev.saketanand.setwise.ui.workout.DurationSection,DurationSection,1,1,1,0,0,0,0,0,1,3,
dev.saketanand.setwise.ui.workout.DurationField,DurationField,1,1,1,0,0,0,0,0,1,2,
dev.saketanand.setwise.ui.workout.UnitLabel,UnitLabel,1,1,1,0,0,0,0,0,1,3,
dev.saketanand.setwise.ui.workout.LabeledField,LabeledField,1,1,1,0,0,0,0,0,1,1,
dev.saketanand.setwise.ui.workout.Section,Section,1,1,1,0,0,0,0,0,1,3,
dev.saketanand.setwise.ui.workout.StepperSection,StepperSection,1,1,1,0,0,0,0,0,1,3,
dev.saketanand.setwise.ui.workout.CardioEntryTreadmillPreview,CardioEntryTreadmillPreview,1,1,1,0,0,0,0,0,1,1,
dev.saketanand.setwise.ui.workout.CardioEntryEllipticalPreview,CardioEntryEllipticalPreview,1,1,1,0,0,0,0,0,1,1,
dev.saketanand.setwise.ui.workout.summary,summary,1,0,0,0,0,0,0,0,9,1,
dev.saketanand.setwise.ui.workout.QuickLogSection,QuickLogSection,1,1,1,0,0,0,0,0,1,1,
dev.saketanand.setwise.ui.workout.ListeningRow,ListeningRow,1,1,1,0,0,0,0,0,1,5,
dev.saketanand.setwise.ui.workout.QuickLogCard,QuickLogCard,1,1,1,0,0,0,0,0,1,3,
dev.saketanand.setwise.ui.workout.QuickLogSetRow,QuickLogSetRow,1,1,1,0,0,0,0,0,1,2,
dev.saketanand.setwise.ui.workout.ValueWithUnit,ValueWithUnit,1,1,1,0,0,0,0,0,1,1,
dev.saketanand.setwise.ui.workout.QuickLogSectionPreview,QuickLogSectionPreview,1,1,1,0,0,0,0,0,1,1,
dev.saketanand.setwise.ui.workout.RestTimerBar,RestTimerBar,1,1,1,0,0,0,0,0,1,3,
dev.saketanand.setwise.ui.workout.restLabel,restLabel,1,0,0,1,0,0,0,0,4,3,
dev.saketanand.setwise.ui.workout.RestCountdown,RestCountdown,1,1,1,0,0,0,0,0,1,3,
dev.saketanand.setwise.ui.workout.RestProgress,RestProgress,1,1,1,0,0,0,0,0,1,3,
dev.saketanand.setwise.ui.workout.rememberRemainingMillis,rememberRemainingMillis,1,0,0,0,0,0,0,0,1,2,
dev.saketanand.setwise.ui.workout.RestTimerBarPreview,RestTimerBarPreview,1,1,1,0,0,0,0,0,1,1,
